address,age
user1@example.com,68
user2@example.com,52
user3@example.com,49
user4@example.com,43
user5@example.com,34
user6@example.com,67
user7@example.com,67
user8@example.com,44
user9@example.com,67
user10@example.com,68
user11@example.com,67
user12@example.com,53
user13@example.com,50
user14@example.com,41
user15@example.com,58
user16@example.com,41
user17@example.com,37
user18@example.com,66
user19@example.com,41
user20@example.com,23
user21@example.com,51
user22@example.com,26
user23@example.com,36
user24@example.com,20
user25@example.com,28
user26@example.com,31
user27@example.com,29
user28@example.com,22
user29@example.com,62
user30@example.com,67
user31@example.com,48
user32@example.com,30
user33@example.com,21
user34@example.com,52
user35@example.com,21
user36@example.com,68
user37@example.com,67
user38@example.com,62
user39@example.com,32
user40@example.com,59
user41@example.com,67
user42@example.com,37
user43@example.com,68
user44@example.com,69
user45@example.com,66
user46@example.com,58
user47@example.com,20
user48@example.com,21
user49@example.com,50
user50@example.com,34
user51@example.com,61
user52@example.com,45
user53@example.com,26
user54@example.com,63
user55@example.com,66
user56@example.com,21
user57@example.com,31
user58@example.com,54
user59@example.com,62
user60@example.com,43
user61@example.com,62
user62@example.com,36
user63@example.com,47
user64@example.com,62
user65@example.com,60
user66@example.com,39
user67@example.com,28
user68@example.com,39
user69@example.com,31
user70@example.com,56
user71@example.com,44
user72@example.com,34
user73@example.com,69
user74@example.com,28
user75@example.com,24
user76@example.com,55
user77@example.com,54
user78@example.com,65
user79@example.com,67
user80@example.com,43
user81@example.com,23
user82@example.com,60
user83@example.com,20
user84@example.com,56
user85@example.com,38
user86@example.com,25
user87@example.com,54
user88@example.com,35
user89@example.com,35
user90@example.com,67
user91@example.com,38
user92@example.com,59
user93@example.com,57
user94@example.com,51
user95@example.com,70
user96@example.com,63
user97@example.com,31
user98@example.com,66
user99@example.com,64
user100@example.com,68
